id_documento;percorso;impronta;tema;sottotema;lingua;pagine;pagine_senza_testo;doppione_di;genere;livello;priorita;escluso;ocr;note
a_circular_approach_to_bioeconomy;Bioeconomia/A Circular Approach to Bioeconomy.PDF;47adf5b67309e3f88d05a976fff1a32edb78098043060876629e8c8aaefd2a7f;Bioeconomia;;en;40;7;;;1;;no;no;
bioeconomy_strategy_2026;Bioeconomia/Bioeconomy Strategy 2026.pdf;a7ebf14c47fe60b9813ac7486b15876e2e6764b73bfc51c71f96c536648cfdd2;Bioeconomia;;it;26;0;;;1;;no;no;
catia_bastioli_intervento_per_partner_strategici_unisg;Bioeconomia/CATIA_BASTIOLI_Intervento_per_Partner_Strategici_UNISG.pdf;ca6047568bbba6f286c0999869ce0e49d59afaf181cfd3ef038c60f2ec928578;Bioeconomia;;it;25;1;;;1;;no;no;
com_2025_960_1_en_act_part1_v10_0;Bioeconomia/COM_2025_960_1_EN_ACT_part1_v10_0.pdf;c1cd4e8f8954d1cff005c621c99fe241ee98c64c2a1d336e6943b38f59c2a323;Bioeconomia;;en;23;0;;;1;;no;no;
imprese_bioeconomia_120126;Bioeconomia/Imprese_bioeconomia_120126.pdf;419aa58abc530f8c51596c03b01f5e05a5e5ecf455edc9b3baa76009e3f84b59;Bioeconomia;;nessuna;1;1;;;1;;no;sì;1 pagine su 1 senza testo: si legge la copia OCR
positionpapergoal12_8ott21;Bioeconomia/PositionPaperGoal12_8ott21.pdf;3a89ebb4ba0245565a9f1548cd065ded7c7b63865181bab2e49e4f2d5b1de4c5;Bioeconomia;;it;81;10;;;1;;no;no;
rapporto_spreco_alimentare;Bioeconomia/RAPPORTO SPRECO ALIMENTARE.pdf;7f83f0f70a812061e0893e07d586c80bcdfe00cefb56c35569394093703ca11e;Bioeconomia;;it;360;1;;;1;;no;no;
ricerche_e_studi_territorialisti_vol_8_la_strategia_di_bioeconomia_e_sostenibile;Bioeconomia/Ricerche-e-Studi-Territorialisti_Vol.-8_La-Strategia-di-bioeconomia-e-sostenibile.pdf;4973330d1571a830f8fed01e962f08a04c6aed814bc66842348d0b5af7e45d8a;Bioeconomia;;it;259;12;;;1;;no;no;
scenari_e_prospettive_delle_imprese_agroalimentari_fra_sostenibilita_e_innovazione;Bioeconomia/Scenari e prospettive delle imprese agroalimentari fra sostenibilita╠Ç e innovazione.pdf;96024faf814aa2a8f4ea210cdf0173b1bc1cfa5a888214a7761a411de84e97a5;Bioeconomia;;it;26;3;;;1;;no;no;
swd_2025_895_1_en_rapport_de_synthese_part1_v4;Bioeconomia/SWD_2025_895_1_EN_rapport_de_synthese_part1_v4.pdf;bc98b9bdc5556c4a06afab22f0ecc624b144221bfcb18c805e8794607cc410ea;Bioeconomia;;en;23;0;;;1;;no;no;
the_bioeconomy_ki0125223enn;Bioeconomia/the bioeconomy-KI0125223ENN.pdf;1867a845f0902ddbce10dd7fcbe62e300562f6f55179dc896715db433575c015;Bioeconomia;;en;28;0;;;1;;no;no;
verso_la_circolarita_del_sistema_agroalimentare_modelli_di_business_e_buone_pratiche;Bioeconomia/Verso la circolarita╠Ç del sistema agroalimentare modelli di business e buone pratiche.pdf;d0bbdc100a291905c4011a02bab31481bdb964c415ea46ae7e9fbd6c0a3a838b;Bioeconomia;;it;81;6;;;1;;no;no;
02_modelli_di_business_circolare_come_le_imprese_possono_ripensare_la_catena_del_valore;Che cosa e╠Ç l'economia circolare/02_Modelli-di-business-circolare-come-le-imprese-possono-ripensare-la-catena-del-valore.pdf;557d2da4697ec1051ded1d2135e240e73c1cdf1b12477979c48062faa0716a59;Che cosa è l'economia circolare;;it;15;1;;;1;;no;no;
10ac6ae4_en;Che cosa e╠Ç l'economia circolare/10ac6ae4-en.pdf;70cde7c6cd08d22d28533e552d074e72d0f2779ac2847e9334b9745a4a9f33d1;Che cosa è l'economia circolare;;en;180;5;;;1;;no;no;
1_da_cui_partire_lezione_economia_circolare_slides_sondrio_16_04_2021;Che cosa e╠Ç l'economia circolare/1┬░ da cui partire Lezione-economia-circolare-slides-sondrio-16-04-2021.pdf;7b20e870adc5a2d5d903efa39a230efd774275c78136161aa3ad1f210ec01509;Che cosa è l'economia circolare;;it;98;16;;;1;;no;no;nel nome: «1° da cui partire»
2_1_introduzione_all_economia_circolare;Che cosa e╠Ç l'economia circolare/2.1_-Introduzione-all_economia-circolare.pdf;884c6e73a9af0b7d3f35de67bf5714566dd8c71e9de97b5bb11a546fca57826b;Che cosa è l'economia circolare;;it;18;1;;;1;;no;no;
20151201sto05603_it;Che cosa e╠Ç l'economia circolare/20151201STO05603_it.pdf;b0ad7921076d3cea433e006294dc3a079230882a33fd27b49914739cebd97cfe;Che cosa è l'economia circolare;;it;6;0;;;1;;no;no;
2016_tearfund_closing_the_loop_en;Che cosa e╠Ç l'economia circolare/2016-Tearfund-Closing-the-loop-En.pdf;87c04a7b0a32a0ef3f55f9f67dbb93d9114efa670741e00ca7813648c9608b5a;Che cosa è l'economia circolare;;en;88;1;;;1;;no;no;
2020_02_26_longhi;Che cosa e╠Ç l'economia circolare/2020-02-26-Longhi.pdf;8dfd5102c5721249e603079232a6c3129d0281c7b58dc601841928db966c689a;Che cosa è l'economia circolare;;it;28;1;;;1;;no;no;
2024_05_p_g_circolarita_web;Che cosa e╠Ç l'economia circolare/2024_05_P_G_circolarita_WEB.pdf;3027db0504830ef40f9ceef02a0e1b51ac76717decc69ba4a7587e187287bac0;Che cosa è l'economia circolare;;it;33;1;;;1;;no;no;
2_don_galia_economia_circolare;Che cosa e╠Ç l'economia circolare/2_DON GALIA_economia circolare.pdf;b5b8c0bf65d09014e29aeb121d9b84fc1a7b0db05bfa9d7e1a838bf0fc55db55;Che cosa è l'economia circolare;;it;47;6;;;1;;no;no;
2_da_integrare_camcomfi_economia_circolare_2022_06_09;Che cosa e╠Ç l'economia circolare/2┬░ da integrare CamComFI_Economia Circolare_2022.06.09.pdf;17944e761f3968f95b5d8f53b6a8322c2e08d41ef8399bab0b416f9adf31588b;Che cosa è l'economia circolare;;it;95;26;;;1;;no;no;nel nome: «2° da integrare»
3_sostenibilita_ed_economia_circolare_dispensa;Che cosa e╠Ç l'economia circolare/3_sostenibilita-ed-economia-circolare---dispensa.pdf;5a9ceec60771e4838e12560dd77edb6ca3d670469d2b13573a3cf439d56e0f37;Che cosa è l'economia circolare;;it;14;1;;;1;;no;no;
3_presetazione_interessante;Che cosa e╠Ç l'economia circolare/3┬░ presetazione interessante.pptx;f7d867fa588c3b703757e6016152cefc2f5d34134b2a23f419095a8d9723cd07;Che cosa è l'economia circolare;;;;;;;1;;sì;no;formato .pptx: da convertire in PDF (lo fa l'utente)
5ed5352b_en;Che cosa e╠Ç l'economia circolare/5ed5352b-en.pdf;774b7a478144c903203dc205c193e61c7105103405b9f45f28380624fa70ffb6;Che cosa è l'economia circolare;;en;24;0;;;1;;no;no;
5fe57b90_en;Che cosa e╠Ç l'economia circolare/5fe57b90-en.pdf;feb4da12f1505cb40b2665fde460a48ce664d85e085d6fded7efdf0dc77fa6a0;Che cosa è l'economia circolare;;en;251;1;;;1;;no;no;
7_rapporto_sull_economia_circolare_in_italia_sintesi;Che cosa e╠Ç l'economia circolare/7┬░ RAPPORTO SULLÔÇÖECONOMIA CIRCOLARE IN ITALIA Sintesi.pdf;7ceaef6d8ccfe6e7a9458a31cfe348beb5818dd3a90fefce8a3b44b740467a1a;Che cosa è l'economia circolare;;it;13;0;;;1;;no;no;
9788823837638_abs;Che cosa e╠Ç l'economia circolare/9788823837638_ABS.PDF;5f917277eb95ecac7aecbe147645b847cb0394b12034dd876a7a847a9a443650;Che cosa è l'economia circolare;;it;3;0;;;1;;no;no;
9791221162615;Che cosa e╠Ç l'economia circolare/9791221162615.pdf;8273339ede9c679a78f0bff65e8e41b1078fca79a62e4c4f490407ea7352e9db;Che cosa è l'economia circolare;;it;273;23;;;1;;no;no;
a_conceptual_framework_for_circular_design;Che cosa e╠Ç l'economia circolare/A Conceptual Framework for Circular Design.pdf;f15052dd025afc7d7ab3f823b718c3eacf88c9627531445f4aafc455292593f4;Che cosa è l'economia circolare;;en;15;0;;;1;;no;no;
aidambiente_de_leonardis;Che cosa e╠Ç l'economia circolare/AIDAMBIENTE-de-Leonardis.pdf;4a267f432d39b842c783d498ef1cb4e019763b6c6129d049491dceea36929f83;Che cosa è l'economia circolare;;it;18;0;;;1;;no;no;
aree_disciplinari_paramond_gennaio2021_04_articolo_piampiano;Che cosa e╠Ç l'economia circolare/AREE-DISCIPLINARI-PARAMOND-Gennaio2021-04-Articolo-Piampiano.pdf;ab2248d6999129cd676ac4ceeba88a5c55ba67e3e89edc58291936e978f0eeed;Che cosa è l'economia circolare;;it;8;0;;;1;;no;no;
brochure_standard_economia_circolare_1;Che cosa e╠Ç l'economia circolare/Brochure-Standard-Economia-Circolare-1.pdf;0d66aa815e6174caa07169e5c9aa202b125684ff7fc83e42801b5a3a04cf9818;Che cosa è l'economia circolare;;it;18;4;;;1;;no;no;
ce_economia_circolare_depliant;Che cosa e╠Ç l'economia circolare/ce_economia_circolare_depliant.pdf;f108b2681e5366a628bfe842ab55bb7d0b8b919fd7e103b9d25d97c452a04e9c;Che cosa è l'economia circolare;;it;4;0;;;1;;no;no;
cellar_9903b325_6388_11ea_b735_01aa75ed71a1_0020_01_doc_1;Che cosa e╠Ç l'economia circolare/cellar_9903b325-6388-11ea-b735-01aa75ed71a1.0020.01_DOC_1.doc;0c7b27ce9c9e1e54a719f8bf43aef1e12429a6cb9ea941f6ce8ce5c40cc4c19d;Che cosa è l'economia circolare;;;;;piano_dazione_per_leconomia_circolare_kh0420290itn;;1;;sì;no;testo già al 98-99 % nel PDF del Piano d'azione (KH0420290ITN): non serve convertirlo
cellar_9903b325_6388_11ea_b735_01aa75ed71a1_0020_01_doc_2;Che cosa e╠Ç l'economia circolare/cellar_9903b325-6388-11ea-b735-01aa75ed71a1.0020.01_DOC_2.doc;d9c1c7b41556e8ca65967ec53a35a208ae48380c8cfced426068fab992c69a8b;Che cosa è l'economia circolare;;;;;piano_dazione_per_leconomia_circolare_kh0420290itn;;1;;sì;no;testo già al 98-99 % nel PDF del Piano d'azione (KH0420290ITN): non serve convertirlo
cen2024_impagina_tot_def;Che cosa e╠Ç l'economia circolare/CEN2024-Impagina-TOT-DEF.pdf;7edf599a3ef0405655730677cf69bf78bae8b269dab3bbfc14c421e587889838;Che cosa è l'economia circolare;;it;109;3;;;1;;no;no;
cellar_9903b325_6388_11ea_b735_01aa75ed71a1_0020_01_doc_1_4b2d23c4;Che cosa e╠Ç l'economia circolare/Circular Economy Action Plan/cellar_9903b325-6388-11ea-b735-01aa75ed71a1.0020.01_DOC_1.doc;4b2d23c41d3adafdf47f6b2319e728e7f4f899f4d51eff60f89c8c3e3f52abaa;Che cosa è l'economia circolare;Circular Economy Action Plan;;;;piano_dazione_per_leconomia_circolare_kh0420290itn;;1;;sì;no;testo già al 98-99 % nel PDF del Piano d'azione (KH0420290ITN): non serve convertirlo
cellar_9903b325_6388_11ea_b735_01aa75ed71a1_0020_01_doc_2_d9c1c7b4;Che cosa e╠Ç l'economia circolare/Circular Economy Action Plan/cellar_9903b325-6388-11ea-b735-01aa75ed71a1.0020.01_DOC_2.doc;d9c1c7b41556e8ca65967ec53a35a208ae48380c8cfced426068fab992c69a8b;Che cosa è l'economia circolare;Circular Economy Action Plan;;;;piano_dazione_per_leconomia_circolare_kh0420290itn;;1;;sì;no;testo già al 98-99 % nel PDF del Piano d'azione (KH0420290ITN): non serve convertirlo
circular_economy_package;Che cosa e╠Ç l'economia circolare/Circular Economy Action Plan/Circular economy package.pdf;7574683fbae81563ac55e4de755d3de08e54320eba2b59b925010ad897de45ec;Che cosa è l'economia circolare;Circular Economy Action Plan;en;12;0;;;1;;no;no;
corp_soc_responsibility_env_2025_schultz_the_business_case_for_circular_economy_a_co_evolutionary_perspective_for;Che cosa e╠Ç l'economia circolare/Circular Economy Action Plan/Corp Soc Responsibility Env - 2025 - Schultz - The Business Case for Circular Economy A CoÔÇÉEvolutionary Perspective for.pdf;42c643f8c6fa0c0cedd61cbf600ddee489c3b8fab9eeed2de425da985f3edcda;Che cosa è l'economia circolare;Circular Economy Action Plan;en;14;0;;;1;;no;no;
gestione_eco_responsabile_dei_rifiuti;Che cosa e╠Ç l'economia circolare/Circular Economy Action Plan/Gestione eco-responsabile dei rifiuti.pdf;2addb9393a38ef74a2c99f3b8a604caccf489bdf3b28ffaabf36052c32f07710;Che cosa è l'economia circolare;Circular Economy Action Plan;it;6;0;;;1;;no;no;
inquinanti_persistenti;Che cosa e╠Ç l'economia circolare/Circular Economy Action Plan/Inquinanti persistenti.pdf;e9dc4689a46976d2128b2c01803c9d18795d97d62def188f282e48c9ebd56251;Che cosa è l'economia circolare;Circular Economy Action Plan;it;4;0;;;1;;no;no;
un_nuovo_piano_d_azione_per_l_economia_circolare_circular_economy_action_plan;Che cosa e╠Ç l'economia circolare/Circular Economy Action Plan/Un nuovo piano d'azione per l'economia circolare (Circular Economy Action Plan).pdf;49fbb1bdeca032edce08a17fa2532bd776d2293d0fca101724d38a6d9c6da12a;Che cosa è l'economia circolare;Circular Economy Action Plan;it;22;0;;;1;;no;no;
circular_economy;Che cosa e╠Ç l'economia circolare/Circular Economy.pdf;9baafe7d56cd90bf6e942ccdd2ea70aff77291ee58f39e743ac88e18ca7b8deb;Che cosa è l'economia circolare;;en;14;2;;;1;;no;no;
circularity_trend_guide_2026;Che cosa e╠Ç l'economia circolare/Circularity Trend Guide 2026.pdf;6971070449c35d1afe30d91cb007cccab89e77089d52f08326c4a32df77dc567;Che cosa è l'economia circolare;;it;21;2;;;1;;no;no;
closing_competency_gaps_for_circularity_exploring_2022_sustainable_product;Che cosa e╠Ç l'economia circolare/Closing-competency-gaps-for-circularity--Exploring-_2022_Sustainable-Product.pdf;358c4d18615dfef8b39438ea8dd53a847c234059f93b412345e4050b2a68598a;Che cosa è l'economia circolare;;en;18;0;;;1;;no;no;
designing_the_business_models_for_circular_economy_towards_the_conceptual_framework;Che cosa e╠Ç l'economia circolare/Designing the Business Models for Circular EconomyÔÇöTowards the Conceptual Framework.pdf;fad06d343f8dfeb0470cdbd86506c06e1b3b90cb4ab13abfe29f3181cf1e903a;Che cosa è l'economia circolare;;en;28;0;;;1;;no;no;
dwnver;Che cosa e╠Ç l'economia circolare/DwnVer.pdf;593a563c7d4d2d7cb2f4cb8d8c3ce58bd564ac192332835d4de12025af060058;Che cosa è l'economia circolare;;it;24;0;;;1;;no;no;
economia_circolare;Che cosa e╠Ç l'economia circolare/economia circolare.pdf;c5da918babd7644fa96fe6bfe9013ecb8ae0b8e1295e312fcd66d3d8c2c6cfc4;Che cosa è l'economia circolare;;it;6;0;20151201sto05603_it;;1;;sì;no;doppione proposto di Che cosa è l'economia circolare/20151201STO05603_it.pdf (83% delle pagine si ritrovano)
economia_circolare_f99eaf37;Che cosa e╠Ç l'economia circolare/Economia-circolare.pdf;f99eaf37817c30f57fd9fac1666fdc930d3b3ff120818dc070b8dfd417802e14;Che cosa è l'economia circolare;;it;7;2;;;1;;no;no;
economia_circ;Che cosa e╠Ç l'economia circolare/Economia_circ.pptx;a84e0e944a95efb1f6c60907f8647c363402ca064656206cd354f1742908b452;Che cosa è l'economia circolare;;;;;;;1;;sì;no;solo ~190 parole di testo, il resto sono immagini: conversione facoltativa
economia_circolare_unife_marin;Che cosa e╠Ç l'economia circolare/economia_circolare_unife_marin.pdf;7ecbf71540b491654ed4237c9bddad509a1bd3a63c5171c39b76758dffb3eec0;Che cosa è l'economia circolare;;it;18;6;;;1;;no;no;
economic_growth_potential_of_more_circular_economies;Che cosa e╠Ç l'economia circolare/Economic_growth_potential_of_more_circular_economies.pdf;83c257beca4abe2290496505254574b30fd1ab3eeeb5b1e6c39a6525d49be624;Che cosa è l'economia circolare;;en;45;0;;;1;;no;no;
eprs_bri_2016_573899_en;Che cosa e╠Ç l'economia circolare/EPRS_BRI(2016)573899_EN.pdf;96c1723233674f647b0ebe204fd824786d5ab2b493fc8b1578470e4161d35649;Che cosa è l'economia circolare;;en;9;0;;;1;;no;no;
federico_appunti_di_economia_circolare_250315;Che cosa e╠Ç l'economia circolare/FEDERICO Appunti di economia circolare 250315.pdf;18e81c5b57c0cf992256e0c53988ee94220dbadb6813ea815cbfa953613ae29b;Che cosa è l'economia circolare;;it;47;0;;;1;;no;no;
global_multi_regional_input_output_methodology_reveal_2022_sustainable_produ;Che cosa e╠Ç l'economia circolare/Global-Multi-Regional-Input-Output-methodology-reveal_2022_Sustainable-Produ.pdf;2bb79816e89a6858001cb63c2b58c47c98346c990aa5051e9320f00209977a74;Che cosa è l'economia circolare;;en;13;0;;;1;;no;no;
guida_economia_circolare_per_pubblicazione;Che cosa e╠Ç l'economia circolare/Guida Economia Circolare_per pubblicazione.pdf;bf1a6170dce7d8f896ae4581f1662ad98bae07763af40185e3dd64518ef5ea78;Che cosa è l'economia circolare;;it;53;1;;;1;;no;no;
handbook_for_trainers_it;Che cosa e╠Ç l'economia circolare/Handbook-for-trainers_IT.pdf;dc25e7f92df29ac425bc27b014d12fedd1bfb85255196e45b1f48cd1303cbb64;Che cosa è l'economia circolare;;it;48;3;;;1;;no;no;
icesp_gdl6_bp_analisi_e_mappa_buone_pratiche_di_ec;Che cosa e╠Ç l'economia circolare/ICESP_GdL6_BP_-_Analisi_e_Mappa_Buone_pratiche_di_EC.pdf;dc027c3c4521a90249460f270addfa748dd0a51a4f4f9000b9d4de247b931fb2;Che cosa è l'economia circolare;;it;228;33;;;1;;no;no;
j_of_industrial_ecology_2025_aryee_circular_ecosystems_past_present_and_future_research_directions;Che cosa e╠Ç l'economia circolare/J of Industrial Ecology - 2025 - Aryee - Circular ecosystems Past present and future research directions.pdf;8c9f1a84676340ddbe0aaad65e399cc47ff18554331cae98df4e25ab30bafdf0;Che cosa è l'economia circolare;;en;18;0;;;1;;no;no;
l_economia_circolare_scheda_82127_043sd;Che cosa e╠Ç l'economia circolare/l_economia_circolare_scheda_82127_043SD.pdf;053ac58b5b7fd5b4ecd24d225cbc0cc4a048290980138cc41b37b25912d03c37;Che cosa è l'economia circolare;;it;1;0;;;1;;no;no;
l_economia_circolare_scheda_82292_043sd;Che cosa e╠Ç l'economia circolare/l_economia_circolare_scheda_82292_043SD.pdf;053ac58b5b7fd5b4ecd24d225cbc0cc4a048290980138cc41b37b25912d03c37;Che cosa è l'economia circolare;;it;1;0;l_economia_circolare_scheda_82127_043sd;;1;;sì;no;doppione proposto di Che cosa è l'economia circolare/l_economia_circolare_scheda_82127_043SD.pdf (copia identica)
lezione_economia_circolare_slides_sondrio_16_04_2021;Che cosa e╠Ç l'economia circolare/Lezione-economia-circolare-slides-sondrio-16-04-2021.pdf;7b20e870adc5a2d5d903efa39a230efd774275c78136161aa3ad1f210ec01509;Che cosa è l'economia circolare;;it;98;16;1_da_cui_partire_lezione_economia_circolare_slides_sondrio_16_04_2021;;1;;sì;no;doppione proposto di Che cosa è l'economia circolare/1° da cui partire Lezione-economia-circolare-slides-sondrio-16-04-2021.pdf (copia identica)
migliorini_circpropiemonte_26may2020;Che cosa e╠Ç l'economia circolare/Migliorini_CIRCPROPiemonte 26may2020.pdf;4ff6cc1e5e50265e36615b5b445b3df75063d5221ff62f9420656757ac4a4229;Che cosa è l'economia circolare;;en;26;2;;;1;;no;no;
n8_economia_circolare_circular_economy_manger;Che cosa e╠Ç l'economia circolare/n8_Economia-Circolare_Circular-Economy-Manger.pdf;0e9518e50798a6942759237cbb513e5abdb606578317f283aa9b8831b899d511;Che cosa è l'economia circolare;;it;24;0;;;1;;no;no;
ocse_2025_rapporto_globale_sulla_sostenibilita_aziendale_2025_oecd_publishing_parigi_doi_org10_1787bc25ce1e_en;Che cosa e╠Ç l'economia circolare/OCSE-2025-Rapporto-globale-sulla-sostenibilita-aziendale-2025-OECD-Publishing-Parigi-doi.org10.1787bc25ce1e-en.pdf;07c68b3e834fcc4e51aed866a9ee9d841ea9a0eb7659dcbf33c46949b8281b17;Che cosa è l'economia circolare;;en;97;6;;;1;;no;no;
piano_dazione_per_leconomia_circolare_kh0420290itn;Che cosa e╠Ç l'economia circolare/piano dazione per leconomia circolare-KH0420290ITN.pdf;56d887ca8d6e158842fa005d012ccaee19241749649e23cbf893c8dde6333753;Che cosa è l'economia circolare;;it;28;0;;;1;;no;no;
ppt_stefano_maglia_sottoprodotti;Che cosa e╠Ç l'economia circolare/PPT-Stefano-Maglia_Sottoprodotti.pdf;191a603c2c1a2abc61a16797e7139933a5df5e1cec6f70a7fa1cf0e0b93b3031;Che cosa è l'economia circolare;;it;16;3;;;1;;no;no;
prb_ce_nexus_guidance_doc;Che cosa e╠Ç l'economia circolare/PRB_CE-Nexus_Guidance-Doc.pdf;96f97f40184d937870b6f86ff18b5815aeb4d7aa35bc1c3ed45a3cdaf2f007b7;Che cosa è l'economia circolare;;en;68;0;;;1;;no;no;
presentazione_dal_fabbro_22_11_2018;Che cosa e╠Ç l'economia circolare/Presentazione-Dal-Fabbro-22-.-11.-2018.pdf;e240c8f97ae8408347fb4af64afb1a707ba98eeec62c78cbe558984740a87360;Che cosa è l'economia circolare;;it;11;1;;;1;;no;no;
presentazione_edo_ronchi_4_conferenza_cen_2022;Che cosa e╠Ç l'economia circolare/Presentazione-Edo-Ronchi-4┬░Conferenza-CEN-2022.pdf;82dc913043c3d2836a3e454a9cc1d16ddbbefb7b97348891ac3507e51ac7cb62;Che cosa è l'economia circolare;;it;34;2;;;1;;no;no;
presentazione_ec_28_novembre;Che cosa e╠Ç l'economia circolare/presentazione_ec_28_novembre.pdf;b80fd88119fcca45332f05605b35e894d1f72ce2f9c69eac46bf026d08715b64;Che cosa è l'economia circolare;;it;18;1;;;1;;no;no;
product_design_and_business_model_strategies_for_a_circular_economy;Che cosa e╠Ç l'economia circolare/Product design and business model strategies for a circular economy.pdf;ae3eea581ece83370df174214b2382bffa059548690d207f7846a1425af3b054;Che cosa è l'economia circolare;;en;14;0;;;1;;no;no;
quaderno_italiano_economia_circolare1;Che cosa e╠Ç l'economia circolare/Quaderno-Italiano-Economia-Circolare1.pdf;c8f01aa86f4160ee991f6e6951dbda70a06c25576d8cceabff04e80b248d5a0e;Che cosa è l'economia circolare;;it;65;6;;;1;;no;no;
quaderno_tavolo_1;Che cosa e╠Ç l'economia circolare/Quaderno-Tavolo-1.pdf;5097d47619899ae2a1caac9e3945de4707d4c0a3a345cd572a05991e5a75db9f;Che cosa è l'economia circolare;;it;16;0;;;1;;no;no;
quantifying_the_industry_wide_symbiotic_potential_lca_2022_sustainable_prod;Che cosa e╠Ç l'economia circolare/Quantifying-the-industry-wide-symbiotic-potential--LCA_2022_Sustainable-Prod.pdf;31446126008036199765cd19992df38ecd1265a45c9c0fe9bab1dfd1732c93f7;Che cosa è l'economia circolare;;en;10;0;;;1;;no;no;
regional_self_sufficiency_a_multi_dimensional_analysi_2022_sustainable_prod;Che cosa e╠Ç l'economia circolare/Regional-self-sufficiency--A-multi-dimensional-analysi_2022_Sustainable-Prod.pdf;02d02bb1a022f93e9fda8135690d79b1f334d012dff1b83fd8836e7495b3eac6;Che cosa è l'economia circolare;;en;14;0;;;1;;no;no;
slide_barreri;Che cosa e╠Ç l'economia circolare/slide_barreri.pdf;da66b5cbd518edf8bc6a27998db82e9ac8b9ebcdd53b1a9e7bc82ee3c455a4dd;Che cosa è l'economia circolare;;it;32;3;;;1;;no;no;
sustainability_17_03169;Che cosa e╠Ç l'economia circolare/sustainability-17-03169.pdf;24b63a16d63fd19acaf04e5666cd4e219e91010a25008d23762b8cb6d7ca953d;Che cosa è l'economia circolare;;en;17;0;;;1;;no;no;
sustainability_assessment_of_increased_circulari_2022_sustainable_production;Che cosa e╠Ç l'economia circolare/Sustainability-assessment-of-increased-circulari_2022_Sustainable-Production.pdf;595cf366c76973cb08ef6333a7e12e8bb40d917e0239677f65427f8fcacb6906;Che cosa è l'economia circolare;;en;16;0;;;1;;no;no;
sustainable_development_in_the_context_of_circular_economy;Che cosa e╠Ç l'economia circolare/Sustainable development in the context of circular economy.pdf;cfc44c522f05ba62b1f7a1aadc4a69ae7fb7b0e0d6317c8bb85a070f47a968e6;Che cosa è l'economia circolare;;en;8;0;;;1;;no;no;
tearfundvirtuouscircle_3;Che cosa e╠Ç l'economia circolare/TearfundVirtuousCircle-3.pdf;1e46e9cb540dcf88fc83aadedf31bffbe6bc7e8ea63b6d4bdc30e2fa8ade62e3;Che cosa è l'economia circolare;;en;33;0;;;1;;no;no;
the_big_food_redesign_technical_appendix;Che cosa e╠Ç l'economia circolare/The big food redesign - Technical Appendix.pdf;d6fb70d0d7a15da737369cf841f6e8df48b6534e937b6da732571436f6a5b4b2;Che cosa è l'economia circolare;;en;50;1;;;1;;no;no;
the_big_food_redesign_study;Che cosa e╠Ç l'economia circolare/The Big Food Redesign Study.pdf;0663cf3eb12e710f1b7e65dffa9b082c4d31175d1bd45a512e77339b2f21e4bf;Che cosa è l'economia circolare;;en;78;1;;;1;;no;no;
the_narrative_of_sustainability_and_circular_economy_a_longitudinal_review_of_two_decades_of_research;Che cosa e╠Ç l'economia circolare/The narrative of sustainability and circular economy - A longitudinal review of two decades of research.pdf;4c062cbf8f7ac65a793d29e7f7b3a78fd6e4e10d60a04b4174e1f6bea9657369;Che cosa è l'economia circolare;;en;23;0;;;1;;no;no;
the_impact_of_the_circular_economy_on_sustainable_2022_sustainable_producti;Che cosa e╠Ç l'economia circolare/The-impact-of-the-circular-economy-on-sustainable-_2022_Sustainable-Producti.pdf;fd44c32cb4f61d9a03e0a67da5e680c89808f7869019fb6019c411a243f0348b;Che cosa è l'economia circolare;;en;11;0;;;1;;no;no;
towards_the_handbook_of_resilient_and_sustainable_local_food_systems_and_supply_chains;Che cosa e╠Ç l'economia circolare/Towards the Handbook of Resilient and Sustainable Local Food Systems and Supply Chains.pdf;91b62466be57ecd3d79503e220bc5fe5011350b3316e2862868de6e72b42704b;Che cosa è l'economia circolare;;en;22;0;;;1;;no;no;
verso_un_nuovo_modello_di_economia_circolare_hr;Che cosa e╠Ç l'economia circolare/verso-un-nuovo-modello-di-economia-circolare_HR.pdf;bf53457a599c719fd3e3f854430af92843afb82966370e3f57c67844699beca4;Che cosa è l'economia circolare;;it;54;4;;;1;;no;no;
1_s2_0_s0950329324002350_main;L'economia circolare del cibo e le 3C/1-s2.0-S0950329324002350-main.pdf;b0fc5d8d8b330559d80de3132cc7012126318eaaf2d73511d3b0599f67b00662;L'economia circolare del cibo e le 3C;;en;11;0;;;2;;no;no;
1_s2_0_s0950329325003076_main;L'economia circolare del cibo e le 3C/1-s2.0-S0950329325003076-main.pdf;7fcc6b750effed1f61a52322bdc0f863a6973867a57cf8afd605855e47a732f0;L'economia circolare del cibo e le 3C;;en;17;0;;;2;;no;no;
a_review_of_principal_measuring_tools;L'economia circolare del cibo e le 3C/A Review of Principal Measuring Tools.pdf;12c84d212d4a258148139a383c9ce81b3afeaf8f2ff73812dd145cacbfcb0c4e;L'economia circolare del cibo e le 3C;;en;22;0;;;2;;no;no;
circular_economy_for_food_fassio_tecco;L'economia circolare del cibo e le 3C/Circular Economy for Food, Fassio Tecco.pdf;417432e1b8d0ea544dac3f0faf550e905d991734def2ed7685678cddb716dd8e;L'economia circolare del cibo e le 3C;;it;241;11;;;2;;no;no;
corp_soc_responsibility_env_2024_gazzola_sustainability_policies_adoption_within_italian_michelin_starred_restaurants;L'economia circolare del cibo e le 3C/Corp Soc Responsibility Env - 2024 - Gazzola - Sustainability policies adoption within Italian MichelinÔÇÉstarred restaurants.pdf;80ffbcd36602c8f08d4fbb20a65c148d04b42b653144c52ea300690c8d322e14;L'economia circolare del cibo e le 3C;;en;14;0;;;2;;no;no;
cumulus_monterrey_book;L'economia circolare del cibo e le 3C/Cumulus Monterrey Book.pdf;4b18a221bba56b1d07732852716cd450e97945a361b609227e09aa4765e216c4;L'economia circolare del cibo e le 3C;;en;2118;24;;;1;;no;no;18 % del testo del corpus: inclusione da decidere con i colleghi
def_1_s2_0_s0963996923013133_main;L'economia circolare del cibo e le 3C/DEF 1-s2.0-S0963996923013133-main.pdf;65c8a3d5dd956dbea0dd34f95c32360943ae05dff12b3a50bf715b091042cf5f;L'economia circolare del cibo e le 3C;;en;10;0;;;2;;no;no;
f_fassio_diid_2021;L'economia circolare del cibo e le 3C/F.Fassio - DiiD 2021.pdf;fb071fb42bc17d70f92124025f1271aaca370ce2b96c983c6f98b2b7948663ac;L'economia circolare del cibo e le 3C;;en;11;0;;;2;;no;no;
f_fassio_per_regione_piemonte_su_sustainability_web_it;L'economia circolare del cibo e le 3C/F.Fassio per Regione Piemonte su Sustainability (web) it.pdf;ab09d906ac07587d4ab55c0baa4a485f420d683b47594cc137e9643ec93a08f3;L'economia circolare del cibo e le 3C;;it;44;4;;;2;;no;no;
f_fassio_b_minotti_ceffpolicy_in_sustainability;L'economia circolare del cibo e le 3C/F.Fassio, B.Minotti, CEFFPolicy in Sustainability.pdf;bade3924018f319a922c75636edbcb80a3776f33ac541f3ef403fdf1dfaf9ada;L'economia circolare del cibo e le 3C;;en;17;0;;;2;;no;no;
f_fassio_n_tecco_ceff_and_sdgs_in_systems;L'economia circolare del cibo e le 3C/F.Fassio, N.Tecco, CEFF and SDGs in Systems.pdf;6491e0e22421b3251b27482219c5edf17158ff24db5cbe372f48ff004870d2d6;L'economia circolare del cibo e le 3C;;en;14;0;;;2;;no;no;
fassio_ciochi_tondella_8_18_pb;L'economia circolare del cibo e le 3C/Fassio__Ciochi__Tondella_8-18-PB.pdf;63a7878ab261365671af3a79c323ba44b4fbebe12a55202df4bd202e12f53e86;L'economia circolare del cibo e le 3C;;en;13;1;;;2;;no;no;
foods_15_00456_it;L'economia circolare del cibo e le 3C/foods-15-00456 it.pdf;5d1ca5f20890f46534233f64557e0b486af2a27d9d05d3af1439dcdf409f2e72;L'economia circolare del cibo e le 3C;;it;22;0;;;2;;no;no;
it_circular_city_selfie;L'economia circolare del cibo e le 3C/IT_Circular-City-Selfie.pdf;99ce9f9c567f486003b395fe8e012a06bc3232339c26e3cbfbddbbdba634fda6;L'economia circolare del cibo e le 3C;;it;86;3;;;2;;no;no;
kenya_report_full_version;L'economia circolare del cibo e le 3C/Kenya Report_Full version.pdf;649ee6f7f2b696a7c633cef5a043eca3c8185293d1427058a7ffa121f5a0acce;L'economia circolare del cibo e le 3C;;en;132;7;;;2;;no;no;
materia_45_ita_web;L'economia circolare del cibo e le 3C/Materia 45 ita web.pdf;75c5e388405f87220ae25f970fc1bfff7423392f518bffa3883af7d19873f659;L'economia circolare del cibo e le 3C;;it;76;6;;;2;;no;no;
mr_41_ita;L'economia circolare del cibo e le 3C/MR 41 ITA.pdf;38cab8b96877984a3c4dfb334cdfae85b80b9ef4cbb86c9497fae1928fd8cbfd;L'economia circolare del cibo e le 3C;;nessuna;82;82;;;1;;no;sì;82 pagine su 82 senza testo: si legge la copia OCR
mr_51_ita;L'economia circolare del cibo e le 3C/MR 51 ITA.pdf;4b6f44821ecb1a963f96e0bce52220a42c30709d487b7edcb5787dd3103ce2d9;L'economia circolare del cibo e le 3C;;it;68;5;;;2;;no;no;
mr33_petrini_fassio;L'economia circolare del cibo e le 3C/MR33 - Petrini, Fassio.pdf;e204cd71db95c14e5be0659f4b14df4de5ff0c350cb0b2964e5a8d88ee828d2f;L'economia circolare del cibo e le 3C;;nessuna;4;4;;;1;;no;sì;4 pagine su 4 senza testo: si legge la copia OCR
mr37_28lug;L'economia circolare del cibo e le 3C/MR37 28lug.pdf;04608d65182ea9a0e86977f41c05395969dee95cc52dc8869eeef93a457ea6a1;L'economia circolare del cibo e le 3C;;it;59;0;mr37_ita;;1;;sì;no;doppione proposto di L'economia circolare del cibo e le 3C/MR37-ita.pdf (100% delle pagine si ritrovano)
mr37_ita;L'economia circolare del cibo e le 3C/MR37-ita.pdf;fea9e3f5f344f61fa78d456e5d257af06a75cee31e4fa28cf7549c8f9aac5ab1;L'economia circolare del cibo e le 3C;;it;68;3;;;2;;no;no;
report_mattm_definitivo;L'economia circolare del cibo e le 3C/REPORT MATTM_Definitivo.pdf;6f43f1fe176e68b7f946f787341cda672932cc9b1681a6f7ded84d731231ab14;L'economia circolare del cibo e le 3C;;it;303;16;;;2;;no;no;
seed_food_tourism_event_ta1085_pp_281_289;L'economia circolare del cibo e le 3C/SEeD Food Tourism Event TA1085-pp.281-289.pdf;ba511ce53f9f767f12c8d5b0f7a177fecd461080b4d80afe7705a16370199372;L'economia circolare del cibo e le 3C;;en;10;1;;;2;;no;no;
seed_for_change;L'economia circolare del cibo e le 3C/SEeD for Change.pdf;49d025cc0b07650968c3d12489272b78362df187b3c4617c6b97b0e191837aa1;L'economia circolare del cibo e le 3C;;en;21;0;;;2;;no;no;
sustainability_16_08960_v2_it;L'economia circolare del cibo e le 3C/sustainability-16-08960-v2 it.pdf;e7378938ccbf55f49d957679178fbf1df6fcb216649cfabdc6010eb7639226d5;L'economia circolare del cibo e le 3C;;it;31;0;;;2;;no;no;
sustainability_16_10586;L'economia circolare del cibo e le 3C/sustainability-16-10586.pdf;6e3e88bc8fa2340722e1c00081aabd7740b2e9635562ceea387225e7faaad71a;L'economia circolare del cibo e le 3C;;en;29;0;;;2;;no;no;
armenia_master_ceff_pollenzo_010225;System Dynamics/ARMENIA - Master CEFF - Pollenzo 010225.pdf;682017c3099358a0da862ead9514316a0c69a4b2aad680ba203f1d7958d230bc;System Dynamics;;it;202;66;;;1;;no;no;
slide_presentazione_systems_thinking_system_dynamics;System Dynamics/slide presentazione - Systems Thinking  System Dynamics.pdf;e471f5c0913945dafd679c5e5916ba0f536b569390570c352859c4c883feb327;System Dynamics;;en;114;40;;;1;;no;no;
system_dynamics_book;System Dynamics/System Dynamics Book.pdf;92dd2acdf8c44d7eef59916b54b17cc7f19c8ff5e59cda0f8ef3603b8058b38b;System Dynamics;;en;178;0;;;1;;no;no;
book_on_demand_rivista_sf;Systems Thinking e Design Sistemico/Design Sistemico/Book on Demand Rivista SF.pdf;e16262369576bd15bf806e12d52be3422c568607825d808ca12817fecc8e298d;Systems Thinking e Design Sistemico;Design Sistemico;nessuna;36;35;;;1;;no;sì;35 pagine su 36 senza testo: si legge la copia OCR
design_for_human_and_planetary_health_a_transdisciplinary_approach_to_sustainability;Systems Thinking e Design Sistemico/Design Sistemico/Design for human and planetary health_ a transdisciplinary approach to sustainability.pdf;6db3a3dbcaf8ac4ecfbb4b99e040e24189b77ea15cb376eb093662ca109f8c02;Systems Thinking e Design Sistemico;Design Sistemico;en;22;0;;;1;;no;no;
design_sistemico_2_edizione;Systems Thinking e Design Sistemico/Design Sistemico/DESIGN SISTEMICO 2┬░ Edizione.pdf;c0d28226e9f42678635b6f7985506970cc67d9fa80bd0bd3eac42799c914787e;Systems Thinking e Design Sistemico;Design Sistemico;it;310;2;;;1;;no;no;
disciplinare_ita;Systems Thinking e Design Sistemico/Design Sistemico/Disciplinare_ITA.pdf;64ddc52aba0ef15fa715900a5c2126c5a495e2ddba6f9e85860bc69f4ca0a2bb;Systems Thinking e Design Sistemico;Design Sistemico;it;7;1;;;1;;no;no;
libro_design_sistemico_2_ita;Systems Thinking e Design Sistemico/Design Sistemico/Libro DESIGN SISTEMICO 2 - ita.pdf;9e8346210964f0d7a56a9f8664a630a0722c7ba7698c20c1083fd4518fb90bfb;Systems Thinking e Design Sistemico;Design Sistemico;it;107;23;;;1;;no;no;
libro_di_paolo_tamborrini;Systems Thinking e Design Sistemico/Design Sistemico/Libro di Paolo Tamborrini.pdf;9d86c591dd1965791bf00daecf06652bb3b99c264689ed5466704d6743bc963e;Systems Thinking e Design Sistemico;Design Sistemico;it;73;1;;;1;;no;no;
micromacro_bistagnino_eb;Systems Thinking e Design Sistemico/Design Sistemico/microMACRO_Bistagnino_EB.epub;1eedacf68925e850d13ac4f22720d2cc6fd0a9fd963eaaaaeeacd5dd54aac3e4;Systems Thinking e Design Sistemico;Design Sistemico;;;;;;1;;sì;no;formato .epub: da convertire in PDF (lo fa l'utente)
progetto_uomo_interno;Systems Thinking e Design Sistemico/Design Sistemico/Progetto_Uomo_INTERNO.pdf;97815f693e08f041fe42f29b5c2fc2fbb43bc1b43c6837dad39be7da4dc4359c;Systems Thinking e Design Sistemico;Design Sistemico;en;89;5;;;1;;no;no;
quaderni_di_design_componenti;Systems Thinking e Design Sistemico/Design Sistemico/Quaderni di Design Componenti.pdf;6b59002dc709dfccd6fa372cbdce53aee2ade94d8d32df829ce00a07404f6345;Systems Thinking e Design Sistemico;Design Sistemico;it;84;2;;;1;;no;no;
quaderni_di_design_investigare_il_design;Systems Thinking e Design Sistemico/Design Sistemico/Quaderni di Design Investigare il Design.pdf;889e45cf2d6269123b9ffff75c3443b03305ab348e1f4ea0b8e8c2deb4313c15;Systems Thinking e Design Sistemico;Design Sistemico;it;84;4;;;1;;no;no;
sustainability_11_04458;Systems Thinking e Design Sistemico/Design Sistemico/sustainability-11-04458.pdf;ea2052f8f131cf52c684d5b3285367d3a193bd6e5aa7935f6930914be34eb32e;Systems Thinking e Design Sistemico;Design Sistemico;en;30;0;;;1;;no;no;
21252030_agenda_for_sustainable_development_web;Systems Thinking e Design Sistemico/Sustainable Development Goals (SDGs)/Misurare gli SDGs/21252030 Agenda for Sustainable Development web.pdf;67e97d23c983c78632e80cd1a747e9123709b137d4884217c9f8a59d0b462f59;Systems Thinking e Design Sistemico;Sustainable Development Goals (SDGs) / Misurare gli SDGs;en;41;1;;;1;;no;no;
annex_ii_to_modelling_report_online;Systems Thinking e Design Sistemico/Sustainable Development Goals (SDGs)/Misurare gli SDGs/annex_ii_to_modelling_report_online.pdf;85e280e6884a504f619dceb52dac2efeae87e07d18fa59b26a0e512f8eb17532;Systems Thinking e Design Sistemico;Sustainable Development Goals (SDGs) / Misurare gli SDGs;en;301;2;annex_ii_to_modelling_report_print;;1;;sì;no;doppione proposto di Systems Thinking e Design Sistemico/Sustainable Development Goals (SDGs)/Misurare gli SDGs/annex_ii_to_modelling_report_print.pdf (100% delle pagine si ritrovano)
annex_ii_to_modelling_report_print;Systems Thinking e Design Sistemico/Sustainable Development Goals (SDGs)/Misurare gli SDGs/annex_ii_to_modelling_report_print.pdf;041c020723c9429658e440841bb2ffa2179eac2a138d19d6b616e61f2588cc0a;Systems Thinking e Design Sistemico;Sustainable Development Goals (SDGs) / Misurare gli SDGs;en;301;2;;;1;;no;no;
guide_dev_cop_2030_agenda_results;Systems Thinking e Design Sistemico/Sustainable Development Goals (SDGs)/Misurare gli SDGs/guide-dev-cop-2030-agenda-results.pdf;46ef264cbb301cfe3ad771214a6efc6462371ce64218936c54838bb32f4174e7;Systems Thinking e Design Sistemico;Sustainable Development Goals (SDGs) / Misurare gli SDGs;en;8;0;;;1;;no;no;
jrc_report_modelling_and_sdgs_online;Systems Thinking e Design Sistemico/Sustainable Development Goals (SDGs)/Misurare gli SDGs/jrc_report_modelling_and_sdgs_online.pdf;cfb67b126ec81df63923cefac052f560039273d6af7f2c7a2d6e6bd3e55e0531;Systems Thinking e Design Sistemico;Sustainable Development Goals (SDGs) / Misurare gli SDGs;en;90;37;;;1;;no;no;
oecd_measuring_distance_to_sdgs_targets_metada;Systems Thinking e Design Sistemico/Sustainable Development Goals (SDGs)/Misurare gli SDGs/OECD-Measuring-Distance-to-SDGs-Targets-Metada.pdf;d4d6fc1c87c5f4f5159adf8b127ac7cedf38e3a34f631e516f4af90f7cdc719e;Systems Thinking e Design Sistemico;Sustainable Development Goals (SDGs) / Misurare gli SDGs;en;77;0;;;1;;no;no;
systems_thinking_for_a2030;Systems Thinking e Design Sistemico/Sustainable Development Goals (SDGs)/System Thinking for SDGs/systems_thinking_for_a2030.pdf;0b967b6d391bf561e68300390f579f84030c75cd1fcae2d49b34506e4539dfaa;Systems Thinking e Design Sistemico;Sustainable Development Goals (SDGs) / System Thinking for SDGs;en;7;1;;;1;;no;no;
weitz_systemsthinkingsdg_2019;Systems Thinking e Design Sistemico/Sustainable Development Goals (SDGs)/System Thinking for SDGs/Weitz-SystemsthinkingSDG-2019.pdf;1ece7bfe85d3d0290442bd827cfd7343838d060aab0ebf2f4b6c3db21ab53263;Systems Thinking e Design Sistemico;Sustainable Development Goals (SDGs) / System Thinking for SDGs;en;5;0;;;1;;no;no;
complex_environmental_management_1;Systems Thinking e Design Sistemico/System Thinking/Esempi di applicazione del System Thinking/Complex Environmental Management (1).pdf;00f947566a7771e0fb9c13d3c31af405fdd8baa120fc87579dd6e75f3e423490;Systems Thinking e Design Sistemico;System Thinking / Esempi di applicazione del System Thinking;en;78;8;;;1;;no;no;
complexity_approach_to_food_systems;Systems Thinking e Design Sistemico/System Thinking/Esempi di applicazione del System Thinking/Complexity Approach to Food Systems.pdf;d759cf6408df3ca1ae218feda234d24768cdfe0a5bb565586d1fc3a25e124bc4;Systems Thinking e Design Sistemico;System Thinking / Esempi di applicazione del System Thinking;en;75;10;;;1;;no;no;
decentralized_organizations;Systems Thinking e Design Sistemico/System Thinking/Esempi di applicazione del System Thinking/Decentralized Organizations.pdf;9c4f580c967de7860f3c6514671594d86fc0a5844a64f91f8a06356c1588ccbe;Systems Thinking e Design Sistemico;System Thinking / Esempi di applicazione del System Thinking;en;60;9;;;1;;no;no;
distributed_finance_full;Systems Thinking e Design Sistemico/System Thinking/Esempi di applicazione del System Thinking/Distributed Finance Full.pdf;8194931161f29ffb1c20535ddc5fabdc8da0a65316a1695fbab03e89200aba7a;Systems Thinking e Design Sistemico;System Thinking / Esempi di applicazione del System Thinking;en;76;6;;;1;;no;no;
distributed_manufacturing_paper;Systems Thinking e Design Sistemico/System Thinking/Esempi di applicazione del System Thinking/Distributed Manufacturing paper.pdf;cfb94d5aaad69093433d34574c7560025438ff18f8fbccf5e431c183db7f9099;Systems Thinking e Design Sistemico;System Thinking / Esempi di applicazione del System Thinking;en;60;7;;;1;;no;no;
distributed_technologies;Systems Thinking e Design Sistemico/System Thinking/Esempi di applicazione del System Thinking/Distributed Technologies.pdf;1e88427dc52b2836159512e1c172cf5d2a1e3965197a8aebb61bf726dc9b191c;Systems Thinking e Design Sistemico;System Thinking / Esempi di applicazione del System Thinking;en;17;3;;;1;;no;no;
economic_complexity_book;Systems Thinking e Design Sistemico/System Thinking/Esempi di applicazione del System Thinking/Economic Complexity Book.pdf;b32de40330cd32a6be1435db995b659b14500a886ff0dabc96dc7da2904a5993;Systems Thinking e Design Sistemico;System Thinking / Esempi di applicazione del System Thinking;en;41;2;;;1;;no;no;
economic_complexity;Systems Thinking e Design Sistemico/System Thinking/Esempi di applicazione del System Thinking/Economic Complexity.pdf;25497bd2740c3f930a871eb40d823c03b792c8ba52416106f3180598e6e8387e;Systems Thinking e Design Sistemico;System Thinking / Esempi di applicazione del System Thinking;en;28;1;economic_complexity_book;;1;;sì;no;doppione proposto di Systems Thinking e Design Sistemico/System Thinking/Esempi di applicazione del System Thinking/Economic Complexity Book.pdf (100% delle pagine si ritrovano)
educational_systems_innovation;Systems Thinking e Design Sistemico/System Thinking/Esempi di applicazione del System Thinking/Educational Systems Innovation.pdf;8a279069bbf5c9cb0248ce8130e04c0c2d5e375bd393253d1b921f55291e7a8c;Systems Thinking e Design Sistemico;System Thinking / Esempi di applicazione del System Thinking;en;80;9;;;1;;no;no;
energy_systems_solutions_2;Systems Thinking e Design Sistemico/System Thinking/Esempi di applicazione del System Thinking/Energy Systems Solutions (2).pdf;1f2455204989be53c41bfd196f313859f71b0d9aa4d9e8698f3eacd7ce91974c;Systems Thinking e Design Sistemico;System Thinking / Esempi di applicazione del System Thinking;en;84;10;;;1;;no;no;
financial_complexity_book;Systems Thinking e Design Sistemico/System Thinking/Esempi di applicazione del System Thinking/Financial Complexity Book.pdf;c0c230dcce1cde2b829ed5a1bde3c4496db7c1b01b2f8a8bcba782a34a17dee7;Systems Thinking e Design Sistemico;System Thinking / Esempi di applicazione del System Thinking;en;77;6;;;1;;no;no;
health_systems_innovation;Systems Thinking e Design Sistemico/System Thinking/Esempi di applicazione del System Thinking/Health Systems Innovation.pdf;cdab021b7f6e613a4bf54f88448a46e5dace0970c78ee375c2b9cef09660227e;Systems Thinking e Design Sistemico;System Thinking / Esempi di applicazione del System Thinking;en;87;7;;;1;;no;no;
inclusive_growth;Systems Thinking e Design Sistemico/System Thinking/Esempi di applicazione del System Thinking/Inclusive Growth.pdf;81bd4635da0bc849b4716fcfca51bc2b3497179dd94a8e0064ba01326941a786;Systems Thinking e Design Sistemico;System Thinking / Esempi di applicazione del System Thinking;en;14;2;;;1;;no;no;
integrated_service_systems;Systems Thinking e Design Sistemico/System Thinking/Esempi di applicazione del System Thinking/Integrated Service Systems.pdf;b94d74ceeccde98eca4cf3fc9fa60e23f7e3fce1982712e166fba1dadd24c457;Systems Thinking e Design Sistemico;System Thinking / Esempi di applicazione del System Thinking;en;24;2;;;1;;no;no;
legal_systems;Systems Thinking e Design Sistemico/System Thinking/Esempi di applicazione del System Thinking/Legal Systems.pdf;18ade89a7708ed81c3c9f1b8083b7d87a759234e11af0d41da6a5f0f2835ed00;Systems Thinking e Design Sistemico;System Thinking / Esempi di applicazione del System Thinking;en;98;7;;;1;;no;no;
materials_solutions;Systems Thinking e Design Sistemico/System Thinking/Esempi di applicazione del System Thinking/Materials Solutions.pdf;eca65879dbc0364cedbc1c318b87fc1ff44ebddac3c70a43d6eca8888bd28173;Systems Thinking e Design Sistemico;System Thinking / Esempi di applicazione del System Thinking;en;47;6;;;1;;no;no;
media_paper;Systems Thinking e Design Sistemico/System Thinking/Esempi di applicazione del System Thinking/Media Paper.pdf;755cd0f55edfc9767054198caa8a2492cd5257783829d36a6817502dcdbe1965;Systems Thinking e Design Sistemico;System Thinking / Esempi di applicazione del System Thinking;en;70;9;;;1;;no;no;
networked_economy;Systems Thinking e Design Sistemico/System Thinking/Esempi di applicazione del System Thinking/Networked Economy.pdf;c4e4eda30355aad5925f28a24619af79e0a536993fe63ef73d51220138fafe70;Systems Thinking e Design Sistemico;System Thinking / Esempi di applicazione del System Thinking;en;115;7;;;1;;no;no;
political_systems_innovation;Systems Thinking e Design Sistemico/System Thinking/Esempi di applicazione del System Thinking/Political Systems Innovation.pdf;8d4a14438102f6ac3fc1737db4158034fc2fdac228c0b06573a655c95eac5cfa;Systems Thinking e Design Sistemico;System Thinking / Esempi di applicazione del System Thinking;en;84;7;;;1;;no;no;
service_value_ecosystems_1;Systems Thinking e Design Sistemico/System Thinking/Esempi di applicazione del System Thinking/Service Value Ecosystems (1).pdf;8b948939a7881ede38977400abf26936e6c158f86dbacc2405cc382bfcb6bfe1;Systems Thinking e Design Sistemico;System Thinking / Esempi di applicazione del System Thinking;en;13;2;;;1;;no;no;
smart_systems;Systems Thinking e Design Sistemico/System Thinking/Esempi di applicazione del System Thinking/Smart Systems.pdf;9399290824e85aeb271f9201fb0e914c4bd75df70fd6c67d99858586ac418ba7;Systems Thinking e Design Sistemico;System Thinking / Esempi di applicazione del System Thinking;en;19;3;;;1;;no;no;
supply_networks;Systems Thinking e Design Sistemico/System Thinking/Esempi di applicazione del System Thinking/Supply Networks.pdf;0a4c5e640db9c1029759781f1d1b316f50558a1ef7323fb0221cb52ca83bd206;Systems Thinking e Design Sistemico;System Thinking / Esempi di applicazione del System Thinking;en;64;8;;;1;;no;no;
sustainablity;Systems Thinking e Design Sistemico/System Thinking/Esempi di applicazione del System Thinking/Sustainablity.pdf;1209d1175d3bea2ec60a4895faf86508b45115870696f90d514b11999d6b2f68;Systems Thinking e Design Sistemico;System Thinking / Esempi di applicazione del System Thinking;en;12;1;;;1;;no;no;
systemic_risk;Systems Thinking e Design Sistemico/System Thinking/Esempi di applicazione del System Thinking/Systemic Risk.pdf;acb6a19b07d260c5ca80e3763ceecad8e7f941e14510e10b3f15876408a76e04;Systems Thinking e Design Sistemico;System Thinking / Esempi di applicazione del System Thinking;en;90;7;;;1;;no;no;
urban_systems_innovation;Systems Thinking e Design Sistemico/System Thinking/Esempi di applicazione del System Thinking/Urban Systems Innovation.pdf;1bc3c7721902a35f2b65208ad54d431c804aad704d9fcf8862e794be12e2e16e;Systems Thinking e Design Sistemico;System Thinking / Esempi di applicazione del System Thinking;en;130;8;;;1;;no;no;
water_systems_innovation;Systems Thinking e Design Sistemico/System Thinking/Esempi di applicazione del System Thinking/Water Systems Innovation.pdf;0a73609e6ad88386431b51df22bfc738fc6f382542a5bb60acfc69056d6ca192;Systems Thinking e Design Sistemico;System Thinking / Esempi di applicazione del System Thinking;en;71;9;;;1;;no;no;
10_20_rockpa_scaling_solutions_02_web_1;Systems Thinking e Design Sistemico/System Thinking/Shifting Systems Initiative Rockfeller Foundation/10-20-RockPA-Scaling-Solutions-02-WEB-1.pdf;469ecd04b0c41e4463fa847e28ab3f4ca9d45277dc491dd38575da1c74ee34f7;Systems Thinking e Design Sistemico;System Thinking / Shifting Systems Initiative Rockfeller Foundation;en;48;0;;;1;;no;no;
11_17_rockpa_scaling_solutions_03_report_lowres;Systems Thinking e Design Sistemico/System Thinking/Shifting Systems Initiative Rockfeller Foundation/11-17-RockPA-Scaling-Solutions-03-Report-LowRes.pdf;13e9ddb832eab76a0d96ab2342c8e0b365644f9e60d3c5573343a6dc1d975977;Systems Thinking e Design Sistemico;System Thinking / Shifting Systems Initiative Rockfeller Foundation;en;52;0;;;1;;no;no;
https;Systems Thinking e Design Sistemico/System Thinking/Shifting Systems Initiative Rockfeller Foundation/https.docx;d10d07165a98be248682da845f65e4cc019d7fc7e04b4eeb9b85838eddf1a124;Systems Thinking e Design Sistemico;System Thinking / Shifting Systems Initiative Rockfeller Foundation;;;;;;1;;sì;no;contiene solo un link (rockpa.org, Shifting Systems): nulla da convertire
power_equity_summary_report_2;Systems Thinking e Design Sistemico/System Thinking/Shifting Systems Initiative Rockfeller Foundation/Power-Equity-Summary-Report-2.pdf;926d0d6931f30e97efc7f41fb74cd1217fa2f987354af5d2f0e786850ef8302c;Systems Thinking e Design Sistemico;System Thinking / Shifting Systems Initiative Rockfeller Foundation;en;29;0;;;1;;no;no;
shifting_systems_initiative_evaluation_report;Systems Thinking e Design Sistemico/System Thinking/Shifting Systems Initiative Rockfeller Foundation/Shifting-Systems-Initiative_Evaluation-Report.pdf;dcbb5db5f3b4b34f3d19b5b00630d0920485e2c513a34af17a63031894f4ae4e;Systems Thinking e Design Sistemico;System Thinking / Shifting Systems Initiative Rockfeller Foundation;en;73;3;;;1;;no;no;
systems_thinking_for_impact_investing_primer;Systems Thinking e Design Sistemico/System Thinking/Shifting Systems Initiative Rockfeller Foundation/Systems-Thinking-for-Impact-Investing-Primer.pdf;4cd214f6c3cd12ade5adb38202c90182f40d1c79c84bfab01144054e1356ba53;Systems Thinking e Design Sistemico;System Thinking / Shifting Systems Initiative Rockfeller Foundation;en;24;4;;;1;;no;no;
actor_mapping_guide;Systems Thinking e Design Sistemico/System Thinking/System Thinking Guide/Actor Mapping Guide.pdf;562efb98a8aa53d33001dc983b5174bc0ee2258b52917bdbbf0979747e4c8a03;Systems Thinking e Design Sistemico;System Thinking / System Thinking Guide;en;56;19;;;1;;no;no;
horizon_scanning_guide;Systems Thinking e Design Sistemico/System Thinking/System Thinking Guide/Horizon Scanning Guide.pdf;5368dd730157dc2214764db2f82cbd2900849dc8c112cd2dfa0d42c358ea8d75;Systems Thinking e Design Sistemico;System Thinking / System Thinking Guide;en;48;14;;;1;;no;no;
impact_guide;Systems Thinking e Design Sistemico/System Thinking/System Thinking Guide/Impact Guide.pdf;529df05c90c78426c5966cdead9497fb9aa702be438973eec8fc878da9560264;Systems Thinking e Design Sistemico;System Thinking / System Thinking Guide;en;65;11;;;1;;no;no;
leverage_points_guide;Systems Thinking e Design Sistemico/System Thinking/System Thinking Guide/Leverage Points Guide.pdf;5c19d549f08beaee29a22621becfe71ee862d144eb936ea2d219de69bcb4bb88;Systems Thinking e Design Sistemico;System Thinking / System Thinking Guide;en;65;11;;;1;;no;no;
multi_level_mapping;Systems Thinking e Design Sistemico/System Thinking/System Thinking Guide/Multi-Level Mapping.pdf;6c931ea9e2158fec127c5e05d50cc75d3ddd216a5e2aa649f1690cf5e3cbf8cd;Systems Thinking e Design Sistemico;System Thinking / System Thinking Guide;en;54;11;;;1;;no;no;
narratives_guide;Systems Thinking e Design Sistemico/System Thinking/System Thinking Guide/Narratives Guide.pdf;21b39d27ef8af0fa1b3f513176f7e1790dbfc864c134bcda916d6df250c8ee95;Systems Thinking e Design Sistemico;System Thinking / System Thinking Guide;en;58;11;;;1;;no;no;
network_organizations_guide;Systems Thinking e Design Sistemico/System Thinking/System Thinking Guide/Network Organizations Guide.pdf;7d159bd1112e35f0e37796b2ae6533cbc85947aa4fb76ba71567303ba085daa4;Systems Thinking e Design Sistemico;System Thinking / System Thinking Guide;en;59;13;;;1;;no;no;
scaling_change_guide;Systems Thinking e Design Sistemico/System Thinking/System Thinking Guide/Scaling Change Guide.pdf;e8af74926d20da20c7d2e6da45c930402553d9bd80b55eb59e97d9852e505bae;Systems Thinking e Design Sistemico;System Thinking / System Thinking Guide;en;67;13;;;1;;no;no;
system_mapping_overview;Systems Thinking e Design Sistemico/System Thinking/System Thinking Guide/System Mapping Overview.pdf;a9ded826c9d9457eae4ef06751654c85c0f7c78f4496b0d2c1b91c81fb263904;Systems Thinking e Design Sistemico;System Thinking / System Thinking Guide;en;73;21;;;1;;no;no;
systems_awareness_guide;Systems Thinking e Design Sistemico/System Thinking/System Thinking Guide/Systems Awareness Guide.pdf;83a8fc22245ff4ccb0aff820b345845356a792a3d1b9d45ac9891c3e11020c55;Systems Thinking e Design Sistemico;System Thinking / System Thinking Guide;en;53;9;;;1;;no;no;
systems_building_overview;Systems Thinking e Design Sistemico/System Thinking/System Thinking Guide/Systems Building Overview.pdf;3038834cae40ebd4ce6f684977321751a1c87e4dfa03e62c9b1a233d8cf1e2b9;Systems Thinking e Design Sistemico;System Thinking / System Thinking Guide;en;21;4;;;1;;no;no;
systems_change_overview;Systems Thinking e Design Sistemico/System Thinking/System Thinking Guide/Systems Change Overview.pdf;c36987b2c7f6deed8273eeb7edc84673264153d666cd3c903eca1510ca8946af;Systems Thinking e Design Sistemico;System Thinking / System Thinking Guide;en;19;2;;;1;;no;no;
systems_innovation_guide;Systems Thinking e Design Sistemico/System Thinking/System Thinking Guide/Systems Innovation Guide.pdf;d89b886da70052093ae615e04a3181539430adfecad5fc32235637c8e17b61b1;Systems Thinking e Design Sistemico;System Thinking / System Thinking Guide;en;45;10;;;1;;no;no;
systems_inquiry_guide;Systems Thinking e Design Sistemico/System Thinking/System Thinking Guide/Systems Inquiry Guide.pdf;2a3acaf454f68f159caba068440838d62fad1236b3a166b43b45563d81db87f2;Systems Thinking e Design Sistemico;System Thinking / System Thinking Guide;en;18;4;;;1;;no;no;
two_loops_guide;Systems Thinking e Design Sistemico/System Thinking/System Thinking Guide/Two Loops Guide.pdf;e388137596f4369adef51ed78e50b36abc6f7feab194853363a73657e6311955;Systems Thinking e Design Sistemico;System Thinking / System Thinking Guide;en;54;11;;;1;;no;no;
value_networks_guide;Systems Thinking e Design Sistemico/System Thinking/System Thinking Guide/Value Networks Guide.pdf;50363e3a4ce99559e49f0e0db379884b5f0fbb37b25c809fe51b6cb8587ab58a;Systems Thinking e Design Sistemico;System Thinking / System Thinking Guide;en;61;12;;;1;;no;no;
thinking_in_systems_a_primer;Systems Thinking e Design Sistemico/System Thinking/thinking_in_systems_a_primer.pdf;ed032f5954858ef2776f4d12606d91548cf0adf8da11cea9d999466a7c292dda;Systems Thinking e Design Sistemico;System Thinking;en;235;18;;;1;;no;no;
9789240097063_eng;Systems Thinking e Design Sistemico/Theory of Change/9789240097063-eng.pdf;95e5531bb366c965ad5b43d05b1ccdc67aac220d1a17149ce90badb7066cdfff;Systems Thinking e Design Sistemico;Theory of Change;en;85;1;;;1;;no;no;
